Sale_Date,Company,Brand,Model,Production_Year,Country,Fuel_Type,Engine_Volume,Transmission,Drive_Type,Region,Area,Dealer_Center,Segment_2013,Class_2013,Quantity,Price_USD,Total_Price_USD,Sale_Month
2019-05-31,Меркур Авто,Audi,A3,2018,DEU,F,1.4,Автомат,FWD,Алматы,Г.алматы,Mercur Auto Алматы,Легковые автомобили,C класс,1.0,28115.0,28115.0,5
2019-08-31,Меркур Авто,Audi,A3,2018,DEU,F,1.4,Автомат,FWD,Алматы,Г.алматы,Mercur Auto Алматы,Легковые автомобили,C класс,1.0,32246.99,32246.99,8
2019-04-30,Меркур Авто,Audi,A4,2018,DEU,F,1.4,Автомат,FWD,Алматы,Г.алматы,Mercur Auto Алматы,Легковые автомобили,D класс,1.0,32000.0,32000.0,4
2019-07-31,Меркур Авто,Audi,A4,2018,DEU,F,1.4,Автомат,FWD,Алматы,Г.алматы,Mercur Auto Алматы,Легковые автомобили,D класс,1.0,31929.0,31929.0,7
2019-02-28,Меркур Авто,Audi,A6,2017,DEU,F,2.0,Автомат,4WD,Нур-султан,Г.нур-султан,Mercur Auto Астана,Легковые автомобили,E класс,1.0,42608.25485,42608.25485,2
2019-05-31,Меркур Авто,Audi,A6,2019,DEU,F,3.0,Автомат,4WD,Алматы,Г.алматы,Mercur Auto Алматы,Легковые автомобили,E класс,1.0,82344.0,82344.0,5
2019-06-30,Меркур Авто,Audi,A6,2019,DEU,F,3.0,Автомат,4WD,Алматы,Г.алматы,Mercur Auto Алматы,Легковые автомобили,E класс,1.0,78940.0,78940.0,6
2019-06-30,Меркур Авто,Audi,A6,2017,DEU,F,3.0,Автомат,4WD,Алматы,Г.алматы,Mercur Auto Алматы,Легковые автомобили,E класс,1.0,64474.0,64474.0,6
2019-07-31,Меркур Авто,Audi,A6,2019,DEU,F,3.0,Автомат,4WD,Алматы,Г.алматы,Mercur Auto Алматы,Легковые автомобили,E класс,1.0,84329.0,84329.0,7
2019-08-31,Меркур Авто,Audi,A6,2019,DEU,F,3.0,Автомат,4WD,Нур-султан,Г.нур-султан,Mercur Auto Астана,Легковые автомобили,E класс,1.0,88028.62533,88028.62533,8
2019-08-31,Меркур Авто,Audi,A6,2019,DEU,F,3.0,Автомат,4WD,Алматы,Г.алматы,Mercur Auto Алматы,Легковые автомобили,E класс,1.0,88028.62533,88028.62533,8
2019-09-30,Меркур Авто,Audi,A7,2018,DEU,F,3.0,Автомат,4WD,Алматы,Г.алматы,Mercur Auto Алматы,Легковые автомобили,E класс,1.0,91600.0,91600.0,9
2019-09-30,Меркур Авто,Audi,A7,2018,DEU,F,3.0,Автомат,4WD,Алматы,Г.алматы,Mercur Auto Алматы,Легковые автомобили,E класс,1.0,79500.0,79500.0,9
2019-01-31,Меркур Авто,Audi,A8,2018,DEU,F,3.0,Автомат,4WD,Алматы,Г.алматы,Mercur Auto Алматы,Легковые автомобили,F класс,1.0,129935.2075,129935.2075,1
2019-07-31,Меркур Авто,Audi,A8,2018,DEU,F,3.0,Автомат,4WD,Алматы,Г.алматы,Mercur Auto Алматы,Легковые автомобили,F класс,1.0,91132.0,91132.0,7
2019-09-30,Меркур Авто,Audi,A8,2018,DEU,F,3.0,Автомат,4WD,Алматы,Г.алматы,Mercur Auto Алматы,Легковые автомобили,F класс,1.0,121300.0,121300.0,9
2019-09-30,Меркур Авто,Audi,A8,2018,DEU,F,3.0,Автомат,4WD,Алматы,Г.алматы,Mercur Auto Алматы,Легковые автомобили,F класс,1.0,124300.0,124300.0,9
2019-01-31,Меркур Авто,Audi,Q5,2017,DEU,F,2.0,Автомат,4WD,Алматы,Г.алматы,Mercur Auto Алматы,Внедорожники,Среднеразмерные SUV,1.0,47835.59084,47835.59084,1
2019-02-28,Меркур Авто,Audi,Q5,2017,DEU,F,2.0,Автомат,4WD,Алматы,Г.алматы,Mercur Auto Алматы,Внедорожники,Среднеразмерные SUV,1.0,49296.33248,49296.33248,2
2019-03-31,Меркур Авто,Audi,Q5,2017,DEU,F,2.0,Автомат,4WD,Нур-султан,Г.нур-султан,Mercur Auto Астана,Внедорожники,Среднеразмерные SUV,1.0,49100.0,49100.0,3
2019-03-31,Меркур Авто,Audi,Q5,2017,DEU,F,2.0,Автомат,4WD,Алматы,Г.алматы,Mercur Auto Алматы,Внедорожники,Среднеразмерные SUV,1.0,56563.0,56563.0,3
2019-03-31,Меркур Авто,Audi,Q5,2017,DEU,F,2.0,Автомат,4WD,Алматы,Г.алматы,Mercur Auto Алматы,Внедорожники,Среднеразмерные SUV,1.0,56250.0,56250.0,3
2019-03-31,Меркур Авто,Audi,Q5,2017,DEU,F,2.0,Автомат,4WD,Алматы,Г.алматы,Mercur Auto Алматы,Внедорожники,Среднеразмерные SUV,1.0,56719.0,56719.0,3
2019-03-31,Меркур Авто,Audi,Q5,2017,DEU,F,2.0,Автомат,4WD,Алматы,Г.алматы,Mercur Auto Алматы,Внедорожники,Среднеразмерные SUV,1.0,58750.0,58750.0,3
2019-08-31,Меркур Авто,Audi,Q5,2017,DEU,F,2.0,Автомат,4WD,Нур-султан,Г.нур-султан,Mercur Auto Астана,Внедорожники,Среднеразмерные SUV,1.0,58723.466,58723.466,8
2019-03-31,Меркур Авто,Audi,Q7,2017,DEU,F,3.0,Автомат,4WD,Алматы,Г.алматы,Mercur Auto Алматы,Внедорожники,Полноразмерные SUV,1.0,88750.0,88750.0,3
2019-05-31,Меркур Авто,Audi,Q7,2018,DEU,D,3.0,Автомат,4WD,Алматы,Г.алматы,Mercur Auto Алматы,Внедорожники,Полноразмерные SUV,1.0,72108.0,72108.0,5
2019-05-31,Меркур Авто,Audi,Q7,2017,DEU,F,3.0,Автомат,4WD,Нур-султан,Г.нур-султан,Mercur Auto Астана,Внедорожники,Полноразмерные SUV,1.0,72215.0,72215.0,5
2019-03-31,Меркур Авто,Porsche,911 Carrera S,2017,DEU,F,3.0,Автомат,4WD,Алматы,Г.алматы,Porsche Centre Almaty,Легковые автомобили,Спортивные автомобили,1.0,162576.0845,162576.0845,3
2019-01-31,Меркур Авто,Porsche,Cayenne,2018,DEU,F,3.0,Автомат,4WD,Алматы,Г.алматы,Porsche Centre Almaty,Внедорожники,Полноразмерные SUV,1.0,89000.0,89000.0,1
2019-02-28,Меркур Авто,Porsche,Cayenne,2018,DEU,F,3.0,Н/Д,4WD,Алматы,Г.алматы,Porsche Centre Almaty,Внедорожники,Полноразмерные SUV,1.0,90000.0,90000.0,2
2019-02-28,Меркур Авто,Porsche,Cayenne,2018,DEU,F,3.0,Н/Д,4WD,Алматы,Г.алматы,Porsche Centre Almaty,Внедорожники,Полноразмерные SUV,1.0,121474.8964,121474.8964,2
2019-02-28,Меркур Авто,Porsche,Cayenne,2018,DEU,F,3.0,Н/Д,4WD,Алматы,Г.алматы,Porsche Centre Almaty,Внедорожники,Полноразмерные SUV,1.0,132373.5387,132373.5387,2
2019-02-28,Меркур Авто,Porsche,Cayenne,2018,DEU,F,3.0,Н/Д,4WD,Алматы,Г.алматы,Porsche Centre Almaty,Внедорожники,Полноразмерные SUV,1.0,114165.9762,114165.9762,2
2019-02-28,Меркур Авто,Porsche,Cayenne,2018,DEU,F,3.0,Н/Д,4WD,Алматы,Г.алматы,Porsche Centre Almaty,Внедорожники,Полноразмерные SUV,1.0,96249.73469,96249.73469,2
2019-03-31,Меркур Авто,Porsche,Cayenne,2019,DEU,F,3.0,Автомат,4WD,Алматы,Г.алматы,Porsche Centre Almaty,Внедорожники,Полноразмерные SUV,1.0,89563.91774,89563.91774,3
2019-03-31,Меркур Авто,Porsche,Cayenne,2019,DEU,F,3.0,Автомат,4WD,Алматы,Г.алматы,Porsche Centre Almaty,Внедорожники,Полноразмерные SUV,1.0,88405.10754,88405.10754,3
2019-03-31,Меркур Авто,Porsche,Cayenne,2019,DEU,F,3.0,Автомат,4WD,Алматы,Г.алматы,Porsche Centre Almaty,Внедорожники,Полноразмерные SUV,1.0,118524.462,118524.462,3
2019-04-30,Меркур Авто,Porsche,Cayenne,2019,DEU,F,3.0,Автомат,4WD,Алматы,Г.алматы,Porsche Centre Almaty,Внедорожники,Полноразмерные SUV,1.0,87825.70244,87825.70244,4
2019-04-30,Меркур Авто,Porsche,Cayenne,2018,DEU,F,3.0,Автомат,4WD,Алматы,Г.алматы,Porsche Centre Almaty,Внедорожники,Полноразмерные SUV,1.0,81297.59189,81297.59189,4
2019-04-30,Меркур Авто,Porsche,Cayenne,2018,DEU,F,3.0,Автомат,4WD,Алматы,Г.алматы,Porsche Centre Almaty,Внедорожники,Полноразмерные SUV,1.0,89839.05424,89839.05424,4
2019-04-30,Меркур Авто,Porsche,Cayenne,2019,DEU,F,3.0,Автомат,4WD,Алматы,Г.алматы,Porsche Centre Almaty,Внедорожники,Полноразмерные SUV,1.0,104159.0998,104159.0998,4
2019-04-30,Меркур Авто,Porsche,Cayenne,2018,DEU,F,3.0,Автомат,4WD,Алматы,Г.алматы,Porsche Centre Almaty,Внедорожники,Полноразмерные SUV,1.0,93622.99034,93622.99034,4
2019-04-30,Меркур Авто,Porsche,Cayenne,2018,DEU,F,3.0,Автомат,4WD,Алматы,Г.алматы,Porsche Centre Almaty,Внедорожники,Полноразмерные SUV,1.0,92815.38379,92815.38379,4
2019-05-31,Меркур Авто,Porsche,Cayenne,2019,DEU,F,3.0,Автомат,4WD,Алматы,Г.алматы,Porsche Centre Almaty,Внедорожники,Полноразмерные SUV,1.0,101770.0,101770.0,5
2019-05-31,Меркур Авто,Porsche,Cayenne,2019,DEU,F,3.0,Автомат,4WD,Алматы,Г.алматы,Porsche Centre Almaty,Внедорожники,Полноразмерные SUV,1.0,93188.0,93188.0,5
2019-06-30,Меркур Авто,Porsche,Cayenne,2019,DEU,F,3.0,Автомат,4WD,Алматы,Г.алматы,Porsche Centre Almaty,Внедорожники,Полноразмерные SUV,1.0,99438.0,99438.0,6
2019-07-31,Меркур Авто,Porsche,Cayenne,2019,DEU,F,2.0,Автомат,4WD,Нур-султан,Г.нур-султан,Porsche Centre Almaty,Внедорожники,Полноразмерные SUV,1.0,72919.0,72919.0,7
2019-07-31,Меркур Авто,Porsche,Cayenne,2019,DEU,F,3.0,Автомат,4WD,Алматы,Г.алматы,Porsche Centre Almaty,Внедорожники,Полноразмерные SUV,1.0,111269.0,111269.0,7
2019-07-31,Меркур Авто,Porsche,Cayenne,2019,DEU,F,3.0,Автомат,FWD,Алматы,Г.алматы,Porsche Centre Almaty,Внедорожники,Полноразмерные SUV,1.0,109103.0,109103.0,7
2019-07-31,Меркур Авто,Porsche,Cayenne,2019,DEU,F,3.0,Автомат,4WD,Алматы,Г.алматы,Porsche Centre Almaty,Внедорожники,Полноразмерные SUV,1.0,120849.0,120849.0,7
2019-08-31,Меркур Авто,Porsche,Cayenne,2019,DEU,F,3.0,Автомат,4WD,Алматы,Г.алматы,Porsche Centre Almaty,Внедорожники,Полноразмерные SUV,1.0,105826.0,105826.0,8
2019-08-31,Меркур Авто,Porsche,Cayenne,2019,DEU,F,3.0,Автомат,4WD,Алматы,Г.алматы,Porsche Centre Almaty,Внедорожники,Полноразмерные SUV,1.0,105529.0,105529.0,8
2019-08-31,Меркур Авто,Porsche,Cayenne,2019,DEU,F,3.0,Автомат,4WD,Алматы,Г.алматы,Porsche Centre Almaty,Внедорожники,Полноразмерные SUV,1.0,113038.0,113038.0,8
2019-09-30,Меркур Авто,Porsche,Cayenne,2019,DEU,F,3.0,Автомат,4WD,Алматы,Г.алматы,Porsche Centre Almaty,Внедорожники,Полноразмерные SUV,1.0,132599.0,132599.0,9
2019-09-30,Меркур Авто,Porsche,Cayenne,2019,DEU,F,3.0,Автомат,4WD,Алматы,Г.алматы,Porsche Centre Almaty,Внедорожники,Полноразмерные SUV,1.0,101133.0,101133.0,9
2019-09-30,Меркур Авто,Porsche,Cayenne,2019,DEU,F,3.0,Автомат,4WD,Алматы,Г.алматы,Porsche Centre Almaty,Внедорожники,Полноразмерные SUV,1.0,100277.0,100277.0,9
2019-03-31,Меркур Авто,Porsche,Macan,2019,DEU,F,2.0,Автомат,4WD,Алматы,Г.алматы,Porsche Centre Almaty,Внедорожники,Полноразмерные SUV,1.0,76169.88021,76169.88021,3
2019-03-31,Меркур Авто,Porsche,Macan,2019,DEU,F,2.0,Автомат,4WD,Алматы,Г.алматы,Porsche Centre Almaty,Внедорожники,Полноразмерные SUV,1.0,58826.57001,58826.57001,3
2019-03-31,Меркур Авто,Porsche,Macan,2019,DEU,F,2.0,Автомат,4WD,Алматы,Г.алматы,Porsche Centre Almaty,Внедорожники,Полноразмерные SUV,1.0,58096.64906,58096.64906,3
2019-04-30,Меркур Авто,Porsche,Macan,2019,DEU,F,2.0,Автомат,4WD,Алматы,Г.алматы,Porsche Centre Almaty,Внедорожники,Полноразмерные SUV,1.0,65028.47041,65028.47041,4
2019-05-31,Меркур Авто,Porsche,Macan,2019,DEU,F,2.0,Автомат,4WD,Алматы,Г.алматы,Porsche Centre Almaty,Внедорожники,Полноразмерные SUV,1.0,68388.0,68388.0,5
2019-05-31,Меркур Авто,Porsche,Macan,2019,DEU,F,2.0,Автомат,4WD,Алматы,Г.алматы,Porsche Centre Almaty,Внедорожники,Полноразмерные SUV,1.0,63269.0,63269.0,5
2019-05-31,Меркур Авто,Porsche,Macan,2019,DEU,F,3.0,Автомат,4WD,Алматы,Г.алматы,Porsche Centre Almaty,Внедорожники,Полноразмерные SUV,1.0,71572.0,71572.0,5
2019-06-30,Меркур Авто,Porsche,Macan,2019,DEU,F,2.0,Автомат,4WD,Алматы,Г.алматы,Porsche Centre Almaty,Внедорожники,Полноразмерные SUV,1.0,63054.0,63054.0,6
2019-07-31,Меркур Авто,Porsche,Macan,2019,DEU,F,3.0,Автомат,4WD,Алматы,Г.алматы,Porsche Centre Almaty,Внедорожники,Полноразмерные SUV,1.0,77709.0,77709.0,7
2019-07-31,Меркур Авто,Porsche,Macan,2019,DEU,F,2.0,Автомат,4WD,Алматы,Г.алматы,Porsche Centre Almaty,Внедорожники,Полноразмерные SUV,1.0,66324.0,66324.0,7
2019-07-31,Меркур Авто,Porsche,Macan,2019,DEU,F,2.0,Автомат,4WD,Алматы,Г.алматы,Porsche Centre Almaty,Внедорожники,Полноразмерные SUV,1.0,59786.0,59786.0,7
2019-08-31,Меркур Авто,Porsche,Macan,2019,DEU,F,2.0,Автомат,4WD,Алматы,Г.алматы,Porsche Centre Almaty,Внедорожники,Полноразмерные SUV,1.0,66502.0,66502.0,8
2019-08-31,Меркур Авто,Porsche,Macan,2019,DEU,F,3.0,Автомат,4WD,Алматы,Г.алматы,Porsche Centre Almaty,Внедорожники,Полноразмерные SUV,1.0,76821.0,76821.0,8
2019-08-31,Меркур Авто,Porsche,Macan,2019,DEU,F,2.0,Автомат,4WD,Алматы,Г.алматы,Porsche Centre Almaty,Внедорожники,Полноразмерные SUV,1.0,77135.0,77135.0,8
2019-08-31,Меркур Авто,Porsche,Macan,2019,DEU,F,2.0,Автомат,FWD,Алматы,Г.алматы,Porsche Centre Almaty,Внедорожники,Полноразмерные SUV,1.0,66938.0,66938.0,8
2019-04-30,Меркур Авто,Porsche,Panamera,2019,DEU,F,4.0,Автомат,4WD,Алматы,Г.алматы,Porsche Centre Almaty,Легковые автомобили,F класс,1.0,152441.5885,152441.5885,4
2019-05-31,Меркур Авто,Porsche,Panamera,2017,DEU,F,4.0,Автомат,4WD,Алматы,Г.алматы,Porsche Centre Almaty,Легковые автомобили,F класс,1.0,193600.0,193600.0,5
2019-05-31,Меркур Авто,Porsche,Panamera,2018,DEU,F,3.0,Автомат,4WD,Алматы,Г.алматы,Porsche Centre Almaty,Легковые автомобили,F класс,1.0,128386.0,128386.0,5
2019-05-31,Меркур Авто,Porsche,Panamera,2019,DEU,F,3.0,Автомат,4WD,Алматы,Г.алматы,Porsche Centre Almaty,Легковые автомобили,F класс,1.0,114145.0,114145.0,5
2019-06-30,Меркур Авто,Porsche,Panamera,2018,DEU,F,3.0,Автомат,4WD,Алматы,Г.алматы,Porsche Centre Almaty,Легковые автомобили,F класс,1.0,126393.0,126393.0,6
2019-06-30,Меркур Авто,Porsche,Panamera,2018,DEU,F,3.0,Автомат,FWD,Алматы,Г.алматы,Porsche Centre Almaty,Легковые автомобили,F класс,1.0,99380.0,99380.0,6
2019-06-30,Меркур Авто,Porsche,Panamera,2019,DEU,F,4.0,Автомат,4WD,Алматы,Г.алматы,Porsche Centre Almaty,Легковые автомобили,F класс,1.0,138679.0,138679.0,6
2019-09-30,Меркур Авто,Porsche,Panamera,2019,DEU,F,3.0,Автомат,4WD,Алматы,Г.алматы,Porsche Centre Almaty,Легковые автомобили,F класс,1.0,126037.0,126037.0,9
2019-02-28,Меркур Авто,Volkswagen,Amarok,2019,DEU,F,2.0,Автомат,4WD,Костанай,Костанайская Область,Автодом Костанай,Пикапы,Pick-ups,2.0,36520.77261,73041.54521,2
2019-01-31,Меркур Авто,Volkswagen,Jetta,2018,RUS,F,1.6,Автомат,FWD,Нур-султан,Г.нур-султан,Mercur Auto Астана,Легковые автомобили,C класс,1.0,19410.41419,19410.41419,1
2019-01-31,Меркур Авто,Volkswagen,Jetta,2017,RUS,F,1.4,Автомат,FWD,Нур-султан,Г.нур-султан,Mercur Auto Астана,Легковые автомобили,C класс,1.0,20809.53916,20809.53916,1
2019-01-31,Меркур Авто,Volkswagen,Jetta,2017,RUS,F,1.6,Автомат,FWD,Атырау,Атырауская Область,Mercur Auto Атырау,Легковые автомобили,C класс,1.0,13214.25161,13214.25161,1
2019-01-31,Меркур Авто,Volkswagen,Multivan,2019,DEU,F,2.0,Автомат,4WD,Костанай,Костанайская Область,Автодом Костанай,Минивэны,Полноразмерный Минивэн,1.0,70395.11241,70395.11241,1
2019-02-28,Меркур Авто,Volkswagen,Multivan,2019,DEU,F,2.0,Автомат,4WD,Алматы,Г.алматы,Mercur Auto Алматы,Минивэны,Полноразмерный Минивэн,1.0,70395.11242,70395.11242,2
2019-03-31,Меркур Авто,Volkswagen,Multivan,2019,DEU,F,2.0,Автомат,4WD,Алматы,Г.алматы,Mercur Auto Алматы,Минивэны,Полноразмерный Минивэн,1.0,70371.09102,70371.09102,3
2019-01-31,Меркур Авто,Volkswagen,Polo,2018,RUS,F,1.6,Механика,FWD,Нур-султан,Г.нур-султан,Mercur Auto Астана,Легковые автомобили,B класс,1.0,14165.67773,14165.67773,1
2019-01-31,Меркур Авто,Volkswagen,Polo,2018,RUS,F,1.6,Механика,FWD,Нур-султан,Г.нур-султан,Mercur Auto Астана,Легковые автомобили,B класс,1.0,13769.25018,13769.25018,1
2019-01-31,Меркур Авто,Volkswagen,Polo,2018,RUS,F,1.6,Автомат,FWD,Нур-султан,Г.нур-султан,Mercur Auto Астана,Легковые автомобили,B класс,1.0,15381.38888,15381.38888,1
2019-01-31,Меркур Авто,Volkswagen,Polo,2018,RUS,F,1.6,Автомат,FWD,Нур-султан,Г.нур-султан,Mercur Auto Астана,Легковые автомобили,B класс,1.0,15143.53235,15143.53235,1
2019-01-31,Меркур Авто,Volkswagen,Polo,2018,RUS,F,1.6,Автомат,FWD,Нур-султан,Г.нур-султан,Mercur Auto Астана,Легковые автомобили,B класс,1.0,13795.67868,13795.67868,1
2019-01-31,Меркур Авто,Volkswagen,Polo,2018,RUS,F,1.6,Механика,FWD,Нур-султан,Г.нур-султан,Mercur Auto Астана,Легковые автомобили,B класс,1.0,13531.39365,13531.39365,1
2019-01-31,Меркур Авто,Volkswagen,Polo,2018,RUS,F,1.6,Автомат,FWD,Атырау,Атырауская Область,Mercur Auto Атырау,Легковые автомобили,B класс,1.0,14588.77164,14588.77164,1
2019-01-31,Меркур Авто,Volkswagen,Polo,2018,RUS,F,1.6,Автомат,FWD,Атырау,Атырауская Область,Mercur Auto Атырау,Легковые автомобили,B класс,1.0,14588.68442,14588.68442,1
2019-01-31,Меркур Авто,Volkswagen,Polo,2018,RUS,F,1.6,Механика,FWD,Атырау,Атырауская Область,Mercur Auto Атырау,Легковые автомобили,B класс,1.0,14274.31738,14274.31738,1
2019-01-31,Меркур Авто,Volkswagen,Polo,2018,RUS,F,1.6,Автомат,,Алматы,Г.алматы,Mercur Auto Алматы,Легковые автомобили,B класс,1.0,15196.38935,15196.38935,1
2019-01-31,Меркур Авто,Volkswagen,Polo,2018,RUS,F,1.6,Автомат,,Алматы,Г.алматы,Mercur Auto Алматы,Легковые автомобили,B класс,1.0,14112.82072,14112.82072,1
2019-01-31,Меркур Авто,Volkswagen,Polo,2018,RUS,F,1.6,Автомат,,Алматы,Г.алматы,Mercur Auto Алматы,Легковые автомобили,B класс,1.0,13927.8212,13927.8212,1
2019-01-31,Меркур Авто,Volkswagen,Polo,2018,RUS,F,1.6,Автомат,,Алматы,Г.алматы,Mercur Auto Алматы,Легковые автомобили,B класс,1.0,13795.67868,13795.67868,1
2019-01-31,Меркур Авто,Volkswagen,Polo,2018,RUS,F,1.6,Механика,,Алматы,Г.алматы,Mercur Auto Алматы,Легковые автомобили,B класс,1.0,13267.10862,13267.10862,1
2019-01-31,Меркур Авто,Volkswagen,Polo,2018,RUS,F,1.6,Автомат,,Алматы,Г.алматы,Mercur Auto Алматы,Легковые автомобили,B класс,1.0,13980.67821,13980.67821,1
2019-01-31,Меркур Авто,Volkswagen,Polo,2018,RUS,F,1.6,Автомат,,Алматы,Г.алматы,Mercur Auto Алматы,Легковые автомобили,B класс,1.0,15037.81834,15037.81834,1
2019-01-31,Меркур Авто,Volkswagen,Polo,2018,RUS,F,1.6,Механика,,Алматы,Г.алматы,Mercur Auto Алматы,Легковые автомобили,B класс,1.0,13637.10766,13637.10766,1
2019-01-31,Меркур Авто,Volkswagen,Polo,2018,RUS,F,1.6,Механика,,Алматы,Г.алматы,Mercur Auto Алматы,Легковые автомобили,B класс,1.0,13874.96419,13874.96419,1
2019-01-31,Меркур Авто,Volkswagen,Polo,2018,RUS,F,1.6,Механика,,Алматы,Г.алматы,Mercur Auto Алматы,Легковые автомобили,B класс,1.0,14165.67773,14165.67773,1
2019-01-31,Меркур Авто,Volkswagen,Polo,2018,RUS,F,1.6,Механика,,Алматы,Г.алматы,Mercur Auto Алматы,Легковые автомобили,B класс,1.0,13954.2497,13954.2497,1
2019-01-31,Меркур Авто,Volkswagen,Polo,2018,RUS,F,1.6,Механика,,Алматы,Г.алматы,Mercur Auto Алматы,Легковые автомобили,B класс,1.0,14139.24923,14139.24923,1
2019-01-31,Меркур Авто,Volkswagen,Polo,2018,RUS,F,1.6,Механика,,Алматы,Г.алматы,Mercur Auto Алматы,Легковые автомобили,B класс,1.0,13901.3927,13901.3927,1
2019-01-31,Меркур Авто,Volkswagen,Polo,2018,RUS,F,1.6,Автомат,,Алматы,Г.алматы,Mercur Auto Алматы,Легковые автомобили,B класс,1.0,14799.96181,14799.96181,1
2019-01-31,Меркур Авто,Volkswagen,Polo,2018,RUS,F,1.6,Автомат,,Алматы,Г.алматы,Mercur Auto Алматы,Легковые автомобили,B класс,1.0,14932.10432,14932.10432,1
2019-01-31,Меркур Авто,Volkswagen,Polo,2018,RUS,F,1.6,Автомат,,Алматы,Г.алматы,Mercur Auto Алматы,Легковые автомобили,B класс,1.0,14984.96133,14984.96133,1
2019-01-31,Меркур Авто,Volkswagen,Polo,2018,RUS,F,1.6,Автомат,,Алматы,Г.алматы,Mercur Auto Алматы,Легковые автомобили,B класс,1.0,14297.82025,14297.82025,1
2019-01-31,Меркур Авто,Volkswagen,Polo,2018,RUS,F,1.6,Автомат,,Алматы,Г.алматы,Mercur Auto Алматы,Легковые автомобили,B класс,1.0,14482.81977,14482.81977,1
2019-01-31,Меркур Авто,Volkswagen,Polo,2018,RUS,F,1.6,Автомат,,Алматы,Г.алматы,Mercur Auto Алматы,Легковые автомобили,B класс,1.0,14720.6763,14720.6763,1
2019-01-31,Меркур Авто,Volkswagen,Polo,2018,RUS,F,1.6,Автомат,,Алматы,Г.алматы,Mercur Auto Алматы,Легковые автомобили,B класс,1.0,14773.5333,14773.5333,1
2019-01-31,Меркур Авто,Volkswagen,Polo,2018,RUS,F,1.6,Автомат,,Алматы,Г.алматы,Mercur Auto Алматы,Легковые автомобили,B класс,1.0,14879.24732,14879.24732,1
2019-01-31,Меркур Авто,Volkswagen,Polo,2018,RUS,F,1.6,Автомат,,Алматы,Г.алматы,Mercur Auto Алматы,Легковые автомобили,B класс,1.0,13848.53569,13848.53569,1
2019-01-31,Меркур Авто,Volkswagen,Polo,2018,RUS,F,1.6,Автомат,,Алматы,Г.алматы,Mercur Auto Алматы,Легковые автомобили,B класс,1.0,15117.10385,15117.10385,1
2019-01-31,Меркур Авто,Volkswagen,Polo,2018,RUS,F,1.6,Автомат,,Алматы,Г.алматы,Mercur Auto Алматы,Легковые автомобили,B класс,1.0,14588.53378,14588.53378,1
2019-02-28,Меркур Авто,Volkswagen,Polo,2018,RUS,F,1.6,Механика,FWD,Караганда,Карагандинская Область,Автомир-Центр Караганда,Легковые автомобили,B класс,1.0,13368.71992,13368.71992,2
2019-02-28,Меркур Авто,Volkswagen,Polo,2018,RUS,F,1.6,Автомат,FWD,Караганда,Карагандинская Область,Автомир-Центр Караганда,Легковые автомобили,B класс,1.0,15271.66389,15271.66389,2
2019-02-28,Меркур Авто,Volkswagen,Polo,2018,RUS,F,1.6,Механика,FWD,Караганда,Карагандинская Область,Автомир-Центр Караганда,Легковые автомобили,B класс,1.0,15058.20262,15058.20262,2
2019-02-28,Меркур Авто,Volkswagen,Polo,2018,RUS,F,1.6,Автомат,FWD,Караганда,Карагандинская Область,Автомир-Центр Караганда,Легковые автомобили,B класс,1.0,15058.20262,15058.20262,2
2019-02-28,Меркур Авто,Volkswagen,Polo,2018,RUS,F,1.6,Автомат,FWD,Караганда,Карагандинская Область,Автомир-Центр Караганда,Легковые автомобили,B класс,1.0,13132.39347,13132.39347,2
2019-02-28,Меркур Авто,Volkswagen,Polo,2018,RUS,F,1.6,Автомат,FWD,Караганда,Карагандинская Область,Автомир-Центр Караганда,Легковые автомобили,B класс,1.0,15322.8459,15322.8459,2
2019-02-28,Меркур Авто,Volkswagen,Polo,2019,RUS,F,1.6,Автомат,FWD,Караганда,Карагандинская Область,Автомир-Центр Караганда,Легковые автомобили,B класс,1.0,14889.62485,14889.62485,2
2019-02-28,Меркур Авто,Volkswagen,Polo,2018,RUS,F,1.6,Автомат,FWD,Караганда,Карагандинская Область,Автомир-Центр Караганда,Легковые автомобили,B класс,1.0,14720.25315,14720.25315,2
2019-02-28,Меркур Авто,Volkswagen,Polo,2018,RUS,F,1.6,Механика,FWD,Караганда,Карагандинская Область,Автомир-Центр Караганда,Легковые автомобили,B класс,1.0,13108.57558,13108.57558,2
2019-02-28,Меркур Авто,Volkswagen,Polo,2018,RUS,F,1.6,Механика,FWD,Караганда,Карагандинская Область,Автомир-Центр Караганда,Легковые автомобили,B класс,1.0,14793.55934,14793.55934,2
2019-02-28,Меркур Авто,Volkswagen,Polo,2018,RUS,F,1.6,Автомат,FWD,Караганда,Карагандинская Область,Автомир-Центр Караганда,Легковые автомобили,B класс,1.0,14793.55934,14793.55934,2
2019-02-28,Меркур Авто,Volkswagen,Polo,2018,RUS,F,1.6,Автомат,FWD,Караганда,Карагандинская Область,Автомир-Центр Караганда,Легковые автомобили,B класс,1.0,14458.2563,14458.2563,2
2019-02-28,Меркур Авто,Volkswagen,Polo,2018,RUS,F,1.6,Автомат,FWD,Атырау,Атырауская Область,Mercur Auto Атырау,Легковые автомобили,B класс,1.0,15137.5956,15137.5956,2
2019-02-28,Меркур Авто,Volkswagen,Polo,2018,RUS,F,1.6,Автомат,FWD,Атырау,Атырауская Область,Mercur Auto Атырау,Легковые автомобили,B класс,1.0,14714.59772,14714.59772,2
2019-02-28,Меркур Авто,Volkswagen,Polo,2018,RUS,F,1.6,Механика,FWD,Атырау,Атырауская Область,Mercur Auto Атырау,Легковые автомобили,B класс,1.0,14054.20688,14054.20688,2
2019-02-28,Меркур Авто,Volkswagen,Polo,2018,RUS,F,1.6,Автомат,FWD,Атырау,Атырауская Область,Mercur Auto Атырау,Легковые автомобили,B класс,1.0,15508.09619,15508.09619,2
2019-02-28,Меркур Авто,Volkswagen,Polo,2018,RUS,F,1.6,Автомат,FWD,Атырау,Атырауская Область,Mercur Auto Атырау,Легковые автомобили,B класс,1.0,14901.49675,14901.49675,2
2019-02-28,Меркур Авто,Volkswagen,Polo,2018,RUS,F,1.6,Автомат,FWD,Атырау,Атырауская Область,Mercur Auto Атырау,Легковые автомобили,B класс,1.0,14615.36443,14615.36443,2
2019-02-28,Меркур Авто,Volkswagen,Polo,2018,RUS,F,1.6,Автомат,FWD,Атырау,Атырауская Область,Mercur Auto Атырау,Легковые автомобили,B класс,1.0,14873.1164,14873.1164,2
2019-02-28,Меркур Авто,Volkswagen,Polo,2018,RUS,F,1.6,Автомат,FWD,Нур-султан,Г.нур-султан,Mercur Auto Астана,Легковые автомобили,B класс,1.0,15617.60558,15617.60558,2
2019-02-28,Меркур Авто,Volkswagen,Polo,2018,RUS,F,1.6,Механика,FWD,Нур-султан,Г.нур-султан,Mercur Auto Астана,Легковые автомобили,B класс,1.0,12864.83912,12864.83912,2
2019-02-28,Меркур Авто,Volkswagen,Polo,2018,RUS,F,1.6,Механика,FWD,Нур-султан,Г.нур-султан,Mercur Auto Астана,Легковые автомобили,B класс,1.0,13787.91488,13787.91488,2
2019-02-28,Меркур Авто,Volkswagen,Polo,2018,RUS,F,1.6,Механика,FWD,Нур-султан,Г.нур-султан,Mercur Auto Астана,Легковые автомобили,B класс,1.0,13576.20025,13576.20025,2
2019-02-28,Меркур Авто,Volkswagen,Polo,2018,RUS,F,1.6,Механика,FWD,Нур-султан,Г.нур-султан,Mercur Auto Астана,Легковые автомобили,B класс,1.0,11838.14842,11838.14842,2
2019-02-28,Меркур Авто,Volkswagen,Polo,2018,RUS,F,1.6,Автомат,FWD,Нур-султан,Г.нур-султан,Mercur Auto Астана,Легковые автомобили,B класс,1.0,12550.09566,12550.09566,2
2019-02-28,Меркур Авто,Volkswagen,Polo,2018,RUS,F,1.6,Автомат,FWD,Нур-султан,Г.нур-султан,Mercur Auto Астана,Легковые автомобили,B класс,1.0,13157.73542,13157.73542,2
2019-02-28,Меркур Авто,Volkswagen,Polo,2018,RUS,F,1.6,Автомат,FWD,Нур-султан,Г.нур-султан,Mercur Auto Астана,Легковые автомобили,B класс,1.0,11711.12486,11711.12486,2
2019-02-28,Меркур Авто,Volkswagen,Polo,2018,RUS,F,1.6,Автомат,,Алматы,Г.алматы,Mercur Auto Алматы,Легковые автомобили,B класс,1.0,14740.63068,14740.63068,2
2019-02-28,Меркур Авто,Volkswagen,Polo,2018,RUS,F,1.6,Автомат,,Алматы,Г.алматы,Mercur Auto Алматы,Легковые автомобили,B класс,1.0,15719.81082,15719.81082,2
2019-02-28,Меркур Авто,Volkswagen,Polo,2019,RUS,F,1.6,Автомат,,Алматы,Г.алматы,Mercur Auto Алматы,Легковые автомобили,B класс,1.0,14714.16635,14714.16635,2
2019-02-28,Меркур Авто,Volkswagen,Polo,2018,RUS,F,1.6,Автомат,,Алматы,Г.алматы,Mercur Auto Алматы,Легковые автомобили,B класс,1.0,14343.66576,14343.66576,2
2019-02-28,Меркур Авто,Volkswagen,Polo,2018,RUS,F,1.6,Автомат,,Алматы,Г.алматы,Mercur Auto Алматы,Легковые автомобили,B класс,1.0,15137.5956,15137.5956,2
2019-02-28,Меркур Авто,Volkswagen,Polo,2018,RUS,F,1.6,Автомат,,Алматы,Г.алматы,Mercur Auto Алматы,Легковые автомобили,B класс,1.0,15666.88216,15666.88216,2
2019-02-28,Меркур Авто,Volkswagen,Polo,2018,RUS,F,1.6,Автомат,,Алматы,Г.алматы,Mercur Auto Алматы,Легковые автомобили,B класс,1.0,13946.70084,13946.70084,2
2019-02-28,Меркур Авто,Volkswagen,Polo,2018,RUS,F,1.6,Автомат,,Алматы,Г.алматы,Mercur Auto Алматы,Легковые автомобили,B класс,1.0,14952.34531,14952.34531,2
2019-02-28,Меркур Авто,Volkswagen,Polo,2018,RUS,F,1.6,Автомат,,Алматы,Г.алматы,Mercur Auto Алматы,Легковые автомобили,B класс,1.0,14820.02367,14820.02367,2
2019-02-28,Меркур Авто,Volkswagen,Polo,2018,RUS,F,1.6,Автомат,,Алматы,Г.алматы,Mercur Auto Алматы,Легковые автомобили,B класс,1.0,13046.91369,13046.91369,2
2019-02-28,Меркур Авто,Volkswagen,Polo,2018,RUS,F,1.6,Автомат,,Алматы,Г.алматы,Mercur Auto Алматы,Легковые автомобили,B класс,1.0,15772.73947,15772.73947,2
2019-02-28,Меркур Авто,Volkswagen,Polo,2018,RUS,F,1.6,Автомат,,Алматы,Г.алматы,Mercur Auto Алматы,Легковые автомобили,B класс,1.0,15481.63187,15481.63187,2
2019-02-28,Меркур Авто,Volkswagen,Polo,2018,RUS,F,1.6,Автомат,,Алматы,Г.алматы,Mercur Auto Алматы,Легковые автомобили,B класс,1.0,14105.48681,14105.48681,2
2019-02-28,Меркур Авто,Volkswagen,Polo,2018,RUS,F,1.6,Автомат,,Алматы,Г.алматы,Mercur Auto Алматы,Легковые автомобили,B класс,1.0,14158.41547,14158.41547,2
2019-02-28,Меркур Авто,Volkswagen,Polo,2018,RUS,F,1.6,Автомат,,Алматы,Г.алматы,Mercur Auto Алматы,Легковые автомобили,B класс,1.0,15428.70321,15428.70321,2
2019-02-28,Меркур Авто,Volkswagen,Polo,2019,RUS,F,1.6,Автомат,,Алматы,Г.алматы,Mercur Auto Алматы,Легковые автомобили,B класс,1.0,15031.73829,15031.73829,2
2019-02-28,Меркур Авто,Volkswagen,Polo,2018,RUS,F,1.6,Автомат,,Алматы,Г.алматы,Mercur Auto Алматы,Легковые автомобили,B класс,1.0,15825.66813,15825.66813,2
2019-02-28,Меркур Авто,Volkswagen,Polo,2018,RUS,F,1.6,Автомат,,Алматы,Г.алматы,Mercur Auto Алматы,Легковые автомобили,B класс,1.0,15058.20262,15058.20262,2
2019-02-28,Меркур Авто,Volkswagen,Polo,2018,RUS,F,1.6,Автомат,,Алматы,Г.алматы,Mercur Auto Алматы,Легковые автомобили,B класс,1.0,14872.95232,14872.95232,2
2019-02-28,Меркур Авто,Volkswagen,Polo,2018,RUS,F,1.6,Автомат,,Алматы,Г.алматы,Mercur Auto Алматы,Легковые автомобили,B класс,1.0,14423.05875,14423.05875,2
2019-02-28,Меркур Авто,Volkswagen,Polo,2018,RUS,F,1.6,Автомат,,Алматы,Г.алматы,Mercur Auto Алматы,Легковые автомобили,B класс,1.0,14661.2377,14661.2377,2
2019-02-28,Меркур Авто,Volkswagen,Polo,2019,RUS,F,1.6,Автомат,,Алматы,Г.алматы,Mercur Auto Алматы,Легковые автомобили,B класс,1.0,15349.31023,15349.31023,2
2019-02-28,Меркур Авто,Volkswagen,Polo,2019,RUS,F,1.6,Автомат,,Алматы,Г.алматы,Mercur Auto Алматы,Легковые автомобили,B класс,1.0,15587.48918,15587.48918,2
2019-02-28,Меркур Авто,Volkswagen,Polo,2019,RUS,F,1.6,Автомат,,Алматы,Г.алматы,Mercur Auto Алматы,Легковые автомобили,B класс,1.0,14899.41665,14899.41665,2
2019-02-28,Меркур Авто,Volkswagen,Polo,2018,RUS,F,1.6,Автомат,,Алматы,Г.алматы,Mercur Auto Алматы,Легковые автомобили,B класс,1.0,14131.95114,14131.95114,2
2019-02-28,Меркур Авто,Volkswagen,Polo,2018,RUS,F,1.6,Механика,FWD,Уральск,Западно-казахстанская Область,Eurasia Motors Uralsk,Легковые автомобили,B класс,1.0,13174.35835,13174.35835,2
2019-02-28,Меркур Авто,Volkswagen,Polo,2018,RUS,F,1.6,Механика,FWD,Уральск,Западно-казахстанская Область,Eurasia Motors Uralsk,Легковые автомобили,B класс,1.0,13270.43657,13270.43657,2
2019-02-28,Меркур Авто,Volkswagen,Polo,2018,RUS,F,1.6,Автомат,FWD,Уральск,Западно-казахстанская Область,Eurasia Motors Uralsk,Легковые автомобили,B класс,1.0,15135.42547,15135.42547,2
2019-02-28,Меркур Авто,Volkswagen,Polo,2018,RUS,F,1.6,Механика,FWD,Уральск,Западно-казахстанская Область,Eurasia Motors Uralsk,Легковые автомобили,B класс,1.0,14003.04406,14003.04406,2
2019-02-28,Меркур Авто,Volkswagen,Polo,2018,RUS,F,1.6,Механика,FWD,Уральск,Западно-казахстанская Область,Eurasia Motors Uralsk,Легковые автомобили,B класс,1.0,14135.14618,14135.14618,2
2019-02-28,Меркур Авто,Volkswagen,Polo,2018,RUS,F,1.6,Механика,FWD,Уральск,Западно-казахстанская Область,Eurasia Motors Uralsk,Легковые автомобили,B класс,1.0,15500.26474,15500.26474,2
2019-03-31,Меркур Авто,Volkswagen,Polo,2018,RUS,F,1.6,Механика,FWD,Нур-султан,Г.нур-султан,Mercur Auto Астана,Легковые автомобили,B класс,1.0,13518.65696,13518.65696,3
2019-03-31,Меркур Авто,Volkswagen,Polo,2019,RUS,F,1.6,Автомат,FWD,Нур-султан,Г.нур-султан,Mercur Auto Астана,Легковые автомобили,B класс,1.0,15952.54432,15952.54432,3
2019-03-31,Меркур Авто,Volkswagen,Polo,2019,RUS,F,1.6,Автомат,FWD,Костанай,Костанайская Область,Автодом Костанай,Легковые автомобили,B класс,1.0,15873.17842,15873.17842,3
2019-03-31,Меркур Авто,Volkswagen,Polo,2019,RUS,F,1.6,Механика,FWD,Костанай,Костанайская Область,Автодом Костанай,Легковые автомобили,B класс,1.0,15873.17842,15873.17842,3
2019-03-31,Меркур Авто,Volkswagen,Polo,2018,RUS,F,8.7,Механика,FWD,Костанай,Костанайская Область,Автодом Костанай,Легковые автомобили,B класс,1.0,15873.17842,15873.17842,3
2019-03-31,Меркур Авто,Volkswagen,Polo,2019,RUS,F,1.6,Автомат,FWD,Костанай,Костанайская Область,Автодом Костанай,Легковые автомобили,B класс,1.0,15873.17842,15873.17842,3
2019-03-31,Меркур Авто,Volkswagen,Polo,2018,RUS,F,1.6,Механика,FWD,Уральск,Западно-казахстанская Область,Eurasia Motors Uralsk,Легковые автомобили,B класс,1.0,14801.01559,14801.01559,3
2019-03-31,Меркур Авто,Volkswagen,Polo,2018,RUS,F,1.6,Механика,FWD,Уральск,Западно-казахстанская Область,Eurasia Motors Uralsk,Легковые автомобили,B класс,1.0,13294.03027,13294.03027,3
2019-03-31,Меркур Авто,Volkswagen,Polo,2019,RUS,F,1.6,Автомат,FWD,Караганда,Карагандинская Область,Автомир-Центр Караганда,Легковые автомобили,B класс,1.0,16256.78024,16256.78024,3
2019-03-31,Меркур Авто,Volkswagen,Polo,2019,RUS,F,1.6,Механика,FWD,Караганда,Карагандинская Область,Автомир-Центр Караганда,Легковые автомобили,B класс,1.0,15785.87594,15785.87594,3
2019-03-31,Меркур Авто,Volkswagen,Polo,2019,RUS,F,1.6,Автомат,FWD,Караганда,Карагандинская Область,Автомир-Центр Караганда,Легковые автомобили,B класс,1.0,15463.12132,15463.12132,3
2019-03-31,Меркур Авто,Volkswagen,Polo,2019,RUS,F,1.6,Автомат,FWD,Караганда,Карагандинская Область,Автомир-Центр Караганда,Легковые автомобили,B класс,1.0,16079.52974,16079.52974,3
2019-03-31,Меркур Авто,Volkswagen,Polo,2019,RUS,F,1.6,Автомат,,Алматы,Г.алматы,Mercur Auto Алматы,Легковые автомобили,B класс,1.0,15926.08902,15926.08902,3
2019-03-31,Меркур Авто,Volkswagen,Polo,2019,RUS,F,1.6,Автомат,,Алматы,Г.алматы,Mercur Auto Алматы,Легковые автомобили,B класс,1.0,16270.00789,16270.00789,3
2019-03-31,Меркур Авто,Volkswagen,Polo,2018,RUS,F,1.6,Автомат,,Алматы,Г.алматы,Mercur Auto Алматы,Легковые автомобили,B класс,1.0,16058.36551,16058.36551,3
2019-03-31,Меркур Авто,Volkswagen,Polo,2018,RUS,F,1.6,Автомат,,Алматы,Г.алматы,Mercur Auto Алматы,Легковые автомобили,B класс,1.0,15423.43837,15423.43837,3
2019-03-31,Меркур Авто,Volkswagen,Polo,2019,RUS,F,1.6,Автомат,,Алматы,Г.алматы,Mercur Auto Алматы,Легковые автомобили,B класс,1.0,14894.33242,14894.33242,3
2019-03-31,Меркур Авто,Volkswagen,Polo,2018,RUS,F,1.6,Автомат,,Алматы,Г.алматы,Mercur Auto Алматы,Легковые автомобили,B класс,1.0,13809.66523,13809.66523,3
2019-03-31,Меркур Авто,Volkswagen,Polo,2019,RUS,F,1.6,Автомат,,Алматы,Г.алматы,Mercur Auto Алматы,Легковые автомобили,B класс,1.0,16561.01616,16561.01616,3
2019-03-31,Меркур Авто,Volkswagen,Polo,2018,RUS,F,1.6,Автомат,FWD,Атырау,Атырауская Область,Mercur Auto Атырау,Легковые автомобили,B класс,1.0,15558.42123,15558.42123,3
2019-03-31,Меркур Авто,Volkswagen,Polo,2018,RUS,F,1.6,Автомат,FWD,Атырау,Атырауская Область,Mercur Auto Атырау,Легковые автомобили,B класс,1.0,15397.34551,15397.34551,3
2019-03-31,Меркур Авто,Volkswagen,Polo,2018,RUS,F,1.6,Автомат,FWD,Атырау,Атырауская Область,Mercur Auto Атырау,Легковые автомобили,B класс,1.0,14841.54617,14841.54617,3
2019-03-31,Меркур Авто,Volkswagen,Polo,2018,RUS,F,1.6,Автомат,FWD,Атырау,Атырауская Область,Mercur Auto Атырау,Легковые автомобили,B класс,1.0,14895.48058,14895.48058,3
2019-03-31,Меркур Авто,Volkswagen,Polo,2018,RUS,F,1.6,Автомат,FWD,Атырау,Атырауская Область,Mercur Auto Атырау,Легковые автомобили,B класс,1.0,14869.41947,14869.41947,3
2019-03-31,Меркур Авто,Volkswagen,Polo,2018,RUS,F,1.6,Автомат,FWD,Атырау,Атырауская Область,Mercur Auto Атырау,Легковые автомобили,B класс,1.0,14841.42183,14841.42183,3
2019-03-31,Меркур Авто,Volkswagen,Polo,2018,RUS,F,1.6,Автомат,FWD,Атырау,Атырауская Область,Mercur Auto Атырау,Легковые автомобили,B класс,1.0,14894.52819,14894.52819,3
2019-03-31,Меркур Авто,Volkswagen,Polo,2018,RUS,F,1.6,Автомат,FWD,Атырау,Атырауская Область,Mercur Auto Атырау,Легковые автомобили,B класс,1.0,14894.33242,14894.33242,3
2019-03-31,Меркур Авто,Volkswagen,Polo,2018,RUS,F,1.6,Автомат,FWD,Атырау,Атырауская Область,Mercur Auto Атырау,Легковые автомобили,B класс,1.0,16143.35579,16143.35579,3
2019-04-30,Меркур Авто,Volkswagen,Polo,2018,RUS,F,1.6,Автомат,FWD,Атырау,Атырауская Область,Mercur Auto Атырау,Легковые автомобили,B класс,1.0,13173.59905,13173.59905,4
2019-04-30,Меркур Авто,Volkswagen,Polo,2018,RUS,F,1.6,Автомат,,Алматы,Г.алматы,Mercur Auto Алматы,Легковые автомобили,B класс,1.0,13832.27901,13832.27901,4
2019-04-30,Меркур Авто,Volkswagen,Polo,2019,RUS,F,1.6,Автомат,FWD,Нур-султан,Г.нур-султан,Mercur Auto Астана,Легковые автомобили,B класс,1.0,15861.01326,15861.01326,4
2019-04-30,Меркур Авто,Volkswagen,Polo,2018,RUS,F,1.6,Автомат,FWD,Нур-султан,Г.нур-султан,Mercur Auto Астана,Легковые автомобили,B класс,1.0,15992.74925,15992.74925,4
2019-04-30,Меркур Авто,Volkswagen,Polo,2018,RUS,F,1.6,Автомат,FWD,Нур-султан,Г.нур-султан,Mercur Auto Астана,Легковые автомобили,B класс,1.0,15834.66606,15834.66606,4
2019-04-30,Меркур Авто,Volkswagen,Polo,2018,RUS,F,1.6,Автомат,FWD,Нур-султан,Г.нур-султан,Mercur Auto Астана,Легковые автомобили,B класс,1.0,15887.36046,15887.36046,4
2019-04-30,Меркур Авто,Volkswagen,Polo,2018,RUS,F,1.6,Автомат,FWD,Нур-султан,Г.нур-султан,Mercur Auto Астана,Легковые автомобили,B класс,1.0,15344.60818,15344.60818,4
2019-04-30,Меркур Авто,Volkswagen,Polo,2018,RUS,F,1.6,Автомат,FWD,Нур-султан,Г.нур-султан,Mercur Auto Астана,Легковые автомобили,B класс,1.0,15650.23568,15650.23568,4
2019-04-30,Меркур Авто,Volkswagen,Polo,2018,RUS,F,1.6,Автомат,FWD,Нур-султан,Г.нур-султан,Mercur Auto Астана,Легковые автомобили,B класс,1.0,14490.95896,14490.95896,4
2019-04-30,Меркур Авто,Volkswagen,Polo,2018,RUS,F,1.6,Автомат,FWD,Нур-султан,Г.нур-султан,Mercur Auto Астана,Легковые автомобили,B класс,1.0,14606.88663,14606.88663,4
2019-04-30,Меркур Авто,Volkswagen,Polo,2019,RUS,F,1.6,Автомат,FWD,Атырау,Атырауская Область,Mercur Auto Атырау,Легковые автомобили,B класс,1.0,15808.31886,15808.31886,4
2019-04-30,Меркур Авто,Volkswagen,Polo,2018,RUS,F,1.6,Механика,FWD,Атырау,Атырауская Область,Mercur Auto Атырау,Легковые автомобили,B класс,1.0,13832.79805,13832.79805,4
2019-04-30,Меркур Авто,Volkswagen,Polo,2018,RUS,F,1.6,Автомат,FWD,Атырау,Атырауская Область,Mercur Auto Атырау,Легковые автомобили,B класс,1.0,14754.43094,14754.43094,4
2019-04-30,Меркур Авто,Volkswagen,Polo,2018,RUS,F,1.6,Механика,FWD,Атырау,Атырауская Область,Mercur Auto Атырау,Легковые автомобили,B класс,1.0,13597.17769,13597.17769,4
2019-04-30,Меркур Авто,Volkswagen,Polo,2019,RUS,F,1.6,Автомат,,Алматы,Г.алматы,Mercur Auto Алматы,Легковые автомобили,B класс,1.0,14912.51413,14912.51413,4
2019-04-30,Меркур Авто,Volkswagen,Polo,2018,RUS,F,1.6,Автомат,,Алматы,Г.алматы,Mercur Auto Алматы,Легковые автомобили,B класс,1.0,15861.01326,15861.01326,4
2019-04-30,Меркур Авто,Volkswagen,Polo,2018,RUS,F,1.6,Автомат,,Алматы,Г.алматы,Mercur Auto Алматы,Легковые автомобили,B класс,1.0,15228.68051,15228.68051,4
2019-04-30,Меркур Авто,Volkswagen,Polo,2019,RUS,F,1.6,Автомат,,Алматы,Г.алматы,Mercur Auto Алматы,Легковые автомобили,B класс,1.0,17178.37317,17178.37317,4
2019-04-30,Меркур Авто,Volkswagen,Polo,2018,RUS,F,,,,Алматы,Г.алматы,Mercur Auto Алматы,Легковые автомобили,B класс,1.0,13911.3206,13911.3206,4
2019-04-30,Меркур Авто,Volkswagen,Polo,2019,RUS,F,1.6,Автомат,,Алматы,Г.алматы,Mercur Auto Алматы,Легковые автомобили,B класс,1.0,15676.58287,15676.58287,4
2019-04-30,Меркур Авто,Volkswagen,Polo,2018,RUS,F,1.6,Автомат,,Алматы,Г.алматы,Mercur Auto Алматы,Легковые автомобили,B класс,1.0,15808.31886,15808.31886,4
2019-04-30,Меркур Авто,Volkswagen,Polo,2019,RUS,F,1.6,Автомат,,Алматы,Г.алматы,Mercur Auto Алматы,Легковые автомобили,B класс,1.0,16150.83244,16150.83244,4
2019-04-30,Меркур Авто,Volkswagen,Polo,2018,RUS,F,1.6,Автомат,,Алматы,Г.алматы,Mercur Auto Алматы,Легковые автомобили,B класс,1.0,16150.83244,16150.83244,4
2019-04-30,Меркур Авто,Volkswagen,Polo,2018,RUS,F,1.6,Автомат,,Алматы,Г.алматы,Mercur Auto Алматы,Легковые автомобили,B класс,1.0,16203.52684,16203.52684,4
2019-04-30,Меркур Авто,Volkswagen,Polo,2018,RUS,F,1.6,Автомат,,Алматы,Г.алматы,Mercur Auto Алматы,Легковые автомобили,B класс,1.0,15360.4165,15360.4165,4
2019-04-30,Меркур Авто,Volkswagen,Polo,2018,RUS,F,1.6,Автомат,,Алматы,Г.алматы,Mercur Auto Алматы,Легковые автомобили,B класс,1.0,15966.40205,15966.40205,4
2019-04-30,Меркур Авто,Volkswagen,Polo,2018,RUS,F,1.6,Автомат,,Алматы,Г.алматы,Mercur Auto Алматы,Легковые автомобили,B класс,1.0,15070.59732,15070.59732,4
2019-04-30,Меркур Авто,Volkswagen,Polo,2018,RUS,F,1.6,Автомат,,Алматы,Г.алматы,Mercur Auto Алматы,Легковые автомобили,B класс,1.0,15597.54128,15597.54128,4
2019-04-30,Меркур Авто,Volkswagen,Polo,2018,RUS,F,1.6,Автомат,,Алматы,Г.алматы,Mercur Auto Алматы,Легковые автомобили,B класс,1.0,13203.10792,13203.10792,4
2019-04-30,Меркур Авто,Volkswagen,Polo,2018,RUS,F,1.6,Автомат,,Алматы,Г.алматы,Mercur Auto Алматы,Легковые автомобили,B класс,1.0,14517.30616,14517.30616,4
2019-04-30,Меркур Авто,Volkswagen,Polo,2018,RUS,F,1.6,Автомат,,Алматы,Г.алматы,Mercur Auto Алматы,Легковые автомобили,B класс,1.0,16045.44365,16045.44365,4
2019-04-30,Меркур Авто,Volkswagen,Polo,2019,RUS,F,1.6,Автомат,FWD,Уральск,Западно-казахстанская Область,Eurasia Motors Uralsk,Легковые автомобили,B класс,1.0,15880.77924,15880.77924,4
2019-05-31,Меркур Авто,Volkswagen,Polo,2019,RUS,F,1.6,Автомат,FWD,Атырау,Атырауская Область,Mercur Auto Атырау,Легковые автомобили,B класс,1.0,16841.49051,16841.49051,5
2019-05-31,Меркур Авто,Volkswagen,Polo,2019,RUS,F,1.6,Автомат,FWD,Атырау,Атырауская Область,Mercur Auto Атырау,Легковые автомобили,B класс,1.0,16617.02502,16617.02502,5
2019-05-31,Меркур Авто,Volkswagen,Polo,2019,RUS,F,1.6,Автомат,FWD,Атырау,Атырауская Область,Mercur Auto Атырау,Легковые автомобили,B класс,1.0,16920.43499,16920.43499,5
2019-05-31,Меркур Авто,Volkswagen,Polo,2019,RUS,F,1.6,Автомат,FWD,Атырау,Атырауская Область,Mercur Auto Атырау,Легковые автомобили,B класс,1.0,17104.6388,17104.6388,5
2019-05-31,Меркур Авто,Volkswagen,Polo,2018,RUS,F,1.6,Механика,FWD,Атырау,Атырауская Область,Mercur Auto Атырау,Легковые автомобили,B класс,1.0,12755.72912,12755.72912,5
2019-05-31,Меркур Авто,Volkswagen,Polo,2018,RUS,F,1.6,Механика,FWD,Атырау,Атырауская Область,Mercur Auto Атырау,Легковые автомобили,B класс,1.0,13973.17415,13973.17415,5
2019-05-31,Меркур Авто,Volkswagen,Polo,2018,RUS,F,1.6,Механика,FWD,Атырау,Атырауская Область,Mercur Auto Атырау,Легковые автомобили,B класс,1.0,13014.03022,13014.03022,5
2019-05-31,Меркур Авто,Volkswagen,Polo,2018,RUS,F,1.6,Механика,FWD,Атырау,Атырауская Область,Mercur Auto Атырау,Легковые автомобили,B класс,1.0,13289.00965,13289.00965,5
2019-05-31,Меркур Авто,Volkswagen,Polo,2019,RUS,F,1.6,Автомат,,Алматы,Г.алматы,Mercur Auto Алматы,Легковые автомобили,B класс,1.0,15525.74906,15525.74906,5
2019-05-31,Меркур Авто,Volkswagen,Polo,2019,RUS,F,1.6,Автомат,,Алматы,Г.алматы,Mercur Auto Алматы,Легковые автомобили,B класс,1.0,16446.76807,16446.76807,5
2019-05-31,Меркур Авто,Volkswagen,Polo,2019,RUS,F,1.6,Автомат,,Алматы,Г.алматы,Mercur Auto Алматы,Легковые автомобили,B класс,1.0,15402.06936,15402.06936,5
2019-05-31,Меркур Авто,Volkswagen,Polo,2019,RUS,F,1.6,Автомат,,Алматы,Г.алматы,Mercur Auto Алматы,Легковые автомобили,B класс,1.0,15275.75819,15275.75819,5
2019-05-31,Меркур Авто,Volkswagen,Polo,2019,RUS,F,1.6,Автомат,,Алматы,Г.алматы,Mercur Auto Алматы,Легковые автомобили,B класс,1.0,14144.22054,14144.22054,5
2019-05-31,Меркур Авто,Volkswagen,Polo,2019,RUS,F,1.6,Автомат,,Алматы,Г.алматы,Mercur Auto Алматы,Легковые автомобили,B класс,1.0,14867.87834,14867.87834,5
2019-05-31,Меркур Авто,Volkswagen,Polo,2019,RUS,F,1.6,Автомат,,Алматы,Г.алматы,Mercur Auto Алматы,Легковые автомобили,B класс,1.0,16657.2867,16657.2867,5
2019-05-31,Меркур Авто,Volkswagen,Polo,2019,RUS,F,1.6,Автомат,,Алматы,Г.алматы,Mercur Auto Алматы,Легковые автомобили,B класс,1.0,16127.5692,16127.5692,5
2019-05-31,Меркур Авто,Volkswagen,Polo,2019,RUS,F,1.6,Автомат,,Алматы,Г.алматы,Mercur Auto Алматы,Легковые автомобили,B класс,1.0,16630.97187,16630.97187,5
2019-05-31,Меркур Авто,Volkswagen,Polo,2019,RUS,F,1.6,Автомат,,Алматы,Г.алматы,Mercur Auto Алматы,Легковые автомобили,B класс,1.0,15920.47149,15920.47149,5
2019-05-31,Меркур Авто,Volkswagen,Polo,2019,RUS,F,1.6,Автомат,,Алматы,Г.алматы,Mercur Auto Алматы,Легковые автомобили,B класс,1.0,15055.30571,15055.30571,5
2019-05-31,Меркур Авто,Volkswagen,Polo,2019,RUS,F,1.6,Автомат,,Алматы,Г.алматы,Mercur Auto Алматы,Легковые автомобили,B класс,1.0,16841.49051,16841.49051,5
2019-05-31,Меркур Авто,Volkswagen,Polo,2019,RUS,F,1.6,Механика,,Алматы,Г.алматы,Mercur Auto Алматы,Легковые автомобили,B класс,1.0,15209.97111,15209.97111,5
2019-05-31,Меркур Авто,Volkswagen,Polo,2018,RUS,F,1.6,Механика,,Алматы,Г.алматы,Mercur Auto Алматы,Легковые автомобили,B класс,1.0,14499.47073,14499.47073,5
2019-05-31,Меркур Авто,Volkswagen,Polo,2019,RUS,F,1.6,Механика,,Алматы,Г.алматы,Mercur Auto Алматы,Легковые автомобили,B класс,1.0,13788.97035,13788.97035,5
2019-05-31,Меркур Авто,Volkswagen,Polo,2018,RUS,F,1.6,Автомат,,Алматы,Г.алматы,Mercur Auto Алматы,Легковые автомобили,B класс,1.0,14185.67166,14185.67166,5
2019-05-31,Меркур Авто,Volkswagen,Polo,2018,RUS,F,1.6,Механика,,Алматы,Г.алматы,Mercur Auto Алматы,Легковые автомобили,B класс,1.0,14288.9521,14288.9521,5
2019-05-31,Меркур Авто,Volkswagen,Polo,2018,RUS,F,1.6,Автомат,,Алматы,Г.алматы,Mercur Auto Алматы,Легковые автомобили,B класс,1.0,15262.60077,15262.60077,5
2019-05-31,Меркур Авто,Volkswagen,Polo,2018,RUS,F,1.6,Механика,,Алматы,Г.алматы,Mercur Auto Алматы,Легковые автомобили,B класс,1.0,13894.22967,13894.22967,5
2019-05-31,Меркур Авто,Volkswagen,Polo,2018,RUS,F,1.6,Механика,,Алматы,Г.алматы,Mercur Auto Алматы,Легковые автомобили,B класс,1.0,14236.32244,14236.32244,5
2019-05-31,Меркур Авто,Volkswagen,Polo,2018,RUS,F,1.6,Механика,,Алматы,Г.алматы,Mercur Auto Алматы,Легковые автомобили,B класс,1.0,13788.97035,13788.97035,5
2019-05-31,Меркур Авто,Volkswagen,Polo,2018,RUS,F,1.6,Механика,,Алматы,Г.алматы,Mercur Auto Алматы,Легковые автомобили,B класс,1.0,13946.85933,13946.85933,5
2019-05-31,Меркур Авто,Volkswagen,Polo,2018,RUS,F,1.6,Механика,,Алматы,Г.алматы,Mercur Auto Алматы,Легковые автомобили,B класс,1.0,13420.56275,13420.56275,5
2019-05-31,Меркур Авто,Volkswagen,Polo,2018,RUS,F,1.6,Механика,,Алматы,Г.алматы,Mercur Auto Алматы,Легковые автомобили,B класс,1.0,13052.15514,13052.15514,5
2019-05-31,Меркур Авто,Volkswagen,Polo,2018,RUS,F,1.6,Механика,,Алматы,Г.алматы,Mercur Auto Алматы,Легковые автомобили,B класс,1.0,12946.89583,12946.89583,5
2019-05-31,Меркур Авто,Volkswagen,Polo,2018,RUS,F,1.6,Механика,,Алматы,Г.алматы,Mercur Auto Алматы,Легковые автомобили,B класс,1.0,13683.71104,13683.71104,5
2019-05-31,Меркур Авто,Volkswagen,Polo,2018,RUS,F,1.6,Механика,,Алматы,Г.алматы,Mercur Auto Алматы,Легковые автомобили,B класс,1.0,14999.45248,14999.45248,5
2019-05-31,Меркур Авто,Volkswagen,Polo,2018,RUS,F,1.6,Механика,,Алматы,Г.алматы,Mercur Auto Алматы,Легковые автомобили,B класс,1.0,13157.41446,13157.41446,5
2019-05-31,Меркур Авто,Volkswagen,Polo,2018,RUS,F,1.6,Механика,,Алматы,Г.алматы,Mercur Auto Алматы,Легковые автомобили,B класс,1.0,13473.1924,13473.1924,5
2019-01-31,Меркур Авто,Volkswagen,Tiguan,2018,RUS,F,2.0,,4WD,Нур-султан,Г.нур-султан,Mercur Auto Астана,Внедорожники,Компактные SUV,1.0,32189.91693,32189.91693,1
2019-01-31,Меркур Авто,Volkswagen,Tiguan,2018,RUS,F,2.0,,4WD,Нур-султан,Г.нур-султан,Mercur Auto Астана,Внедорожники,Компактные SUV,1.0,38189.18716,38189.18716,1
2019-01-31,Меркур Авто,Volkswagen,Tiguan,2018,RUS,F,2.0,,4WD,Нур-султан,Г.нур-султан,Mercur Auto Астана,Внедорожники,Компактные SUV,1.0,33299.91406,33299.91406,1
2019-01-31,Меркур Авто,Volkswagen,Tiguan,2018,RUS,F,2.0,Автомат,4WD,Атырау,Атырауская Область,Mercur Auto Атырау,Внедорожники,Компактные SUV,1.0,32245.19214,32245.19214,1
2019-01-31,Меркур Авто,Volkswagen,Tiguan,2018,RUS,F,1.4,Автомат,,Алматы,Г.алматы,Mercur Auto Алматы,Внедорожники,Компактные SUV,1.0,29811.35164,29811.35164,1
2019-01-31,Меркур Авто,Volkswagen,Tiguan,2018,RUS,F,1.4,Автомат,,Алматы,Г.алматы,Mercur Auto Алматы,Внедорожники,Компактные SUV,1.0,29547.06661,29547.06661,1
2019-01-31,Меркур Авто,Volkswagen,Tiguan,2018,RUS,F,2.0,Автомат,,Алматы,Г.алматы,Mercur Auto Алматы,Внедорожники,Компактные SUV,1.0,33141.34305,33141.34305,1
2019-01-31,Меркур Авто,Volkswagen,Tiguan,2018,RUS,F,2.0,Автомат,,Алматы,Г.алматы,Mercur Auto Алматы,Внедорожники,Компактные SUV,1.0,39748.46885,39748.46885,1
2019-01-31,Меркур Авто,Volkswagen,Tiguan,2018,RUS,F,2.0,Автомат,,Алматы,Г.алматы,Mercur Auto Алматы,Внедорожники,Компактные SUV,1.0,32348.48795,32348.48795,1
2019-02-28,Меркур Авто,Volkswagen,Tiguan,2018,RUS,F,2.0,Автомат,4WD,Караганда,Карагандинская Область,Автомир-Центр Караганда,Внедорожники,Компактные SUV,1.0,34271.30473,34271.30473,2
2019-02-28,Меркур Авто,Volkswagen,Tiguan,2018,RUS,F,2.0,Автомат,4WD,Караганда,Карагандинская Область,Автомир-Центр Караганда,Внедорожники,Компактные SUV,1.0,32524.65908,32524.65908,2
2019-02-28,Меркур Авто,Volkswagen,Tiguan,2018,RUS,F,2.0,Автомат,4WD,Караганда,Карагандинская Область,Автомир-Центр Караганда,Внедорожники,Компактные SUV,1.0,31278.98316,31278.98316,2
2019-02-28,Меркур Авто,Volkswagen,Tiguan,2018,RUS,F,2.0,Автомат,4WD,Караганда,Карагандинская Область,Автомир-Центр Караганда,Внедорожники,Компактные SUV,1.0,31757.19357,31757.19357,2
2019-02-28,Меркур Авто,Volkswagen,Tiguan,2018,RUS,F,2.0,Автомат,4WD,Нур-султан,Г.нур-султан,Mercur Auto Астана,Внедорожники,Компактные SUV,1.0,33239.19594,33239.19594,2
2019-02-28,Меркур Авто,Volkswagen,Tiguan,2018,RUS,F,2.0,Автомат,4WD,Нур-султан,Г.нур-султан,Mercur Auto Астана,Внедорожники,Компактные SUV,1.0,26464.32798,26464.32798,2
2019-02-28,Меркур Авто,Volkswagen,Tiguan,2018,RUS,F,1.4,Автомат,4WD,Нур-султан,Г.нур-султан,Mercur Auto Астана,Внедорожники,Компактные SUV,1.0,30672.15612,30672.15612,2
2019-02-28,Меркур Авто,Volkswagen,Tiguan,2018,RUS,F,1.4,Автомат,4WD,Нур-султан,Г.нур-султан,Mercur Auto Астана,Внедорожники,Компактные SUV,1.0,29613.58301,29613.58301,2
2019-02-28,Меркур Авто,Volkswagen,Tiguan,2018,RUS,F,2.0,Автомат,4WD,Нур-султан,Г.нур-султан,Mercur Auto Астана,Внедорожники,Компактные SUV,1.0,30936.7994,30936.7994,2
2019-02-28,Меркур Авто,Volkswagen,Tiguan,2018,RUS,F,1.4,Автомат,4WD,Нур-султан,Г.нур-султан,Mercur Auto Астана,Внедорожники,Компактные SUV,1.0,30407.51284,30407.51284,2
2019-02-28,Меркур Авто,Volkswagen,Tiguan,2018,RUS,F,2.0,Автомат,4WD,Нур-султан,Г.нур-султан,Mercur Auto Астана,Внедорожники,Компактные SUV,1.0,32789.30236,32789.30236,2
2019-02-28,Меркур Авто,Volkswagen,Tiguan,2018,RUS,F,2.0,Автомат,4WD,Нур-султан,Г.нур-султан,Mercur Auto Астана,Внедорожники,Компактные SUV,1.0,37288.23812,37288.23812,2
2019-02-28,Меркур Авто,Volkswagen,Tiguan,2018,RUS,F,2.0,Автомат,4WD,Нур-султан,Г.нур-султан,Mercur Auto Астана,Внедорожники,Компактные SUV,1.0,31466.08596,31466.08596,2
2019-02-28,Меркур Авто,Volkswagen,Tiguan,2018,RUS,F,2.0,Автомат,,Алматы,Г.алматы,Mercur Auto Алматы,Внедорожники,Компактные SUV,1.0,39352.4557,39352.4557,2
2019-02-28,Меркур Авто,Volkswagen,Tiguan,2018,RUS,F,2.0,Автомат,,Алматы,Г.алматы,Mercur Auto Алматы,Внедорожники,Компактные SUV,1.0,36017.95038,36017.95038,2
2019-02-28,Меркур Авто,Volkswagen,Tiguan,2018,RUS,F,2.0,Автомат,,Алматы,Г.алматы,Mercur Auto Алматы,Внедорожники,Компактные SUV,1.0,33636.16086,33636.16086,2
2019-02-28,Меркур Авто,Volkswagen,Tiguan,2018,RUS,F,2.0,Автомат,,Алматы,Г.алматы,Mercur Auto Алматы,Внедорожники,Компактные SUV,1.0,36229.665,36229.665,2
2019-02-28,Меркур Авто,Volkswagen,Tiguan,2018,RUS,F,2.0,Автомат,,Алматы,Г.алматы,Mercur Auto Алматы,Внедорожники,Компактные SUV,1.0,32127.69416,32127.69416,2
2019-02-28,Меркур Авто,Volkswagen,Tiguan,2018,RUS,F,1.4,Автомат,,Алматы,Г.алматы,Mercur Auto Алматы,Внедорожники,Компактные SUV,1.0,30089.94091,30089.94091,2
2019-02-28,Меркур Авто,Volkswagen,Tiguan,2018,RUS,F,2.0,Автомат,4WD,Уральск,Западно-казахстанская Область,Eurasia Motors Uralsk,Внедорожники,Компактные SUV,1.0,36854.34646,36854.34646,2
2019-02-28,Меркур Авто,Volkswagen,Tiguan,2018,RUS,F,2.0,Автомат,4WD,Уральск,Западно-казахстанская Область,Eurasia Motors Uralsk,Внедорожники,Компактные SUV,1.0,30493.62896,30493.62896,2
2019-02-28,Меркур Авто,Volkswagen,Tiguan,2018,RUS,F,1.4,Автомат,4WD,Уральск,Западно-казахстанская Область,Eurasia Motors Uralsk,Внедорожники,Компактные SUV,1.0,31673.74699,31673.74699,2
2019-03-31,Меркур Авто,Volkswagen,Tiguan,2017,RUS,F,1.4,Автомат,4WD,Нур-султан,Г.нур-султан,Mercur Auto Астана,Внедорожники,Компактные SUV,1.0,28571.72116,28571.72116,3
2019-03-31,Меркур Авто,Volkswagen,Tiguan,2018,RUS,F,2.0,Автомат,4WD,Костанай,Костанайская Область,Автодом Костанай,Внедорожники,Компактные SUV,1.0,34391.88659,34391.88659,3
2019-03-31,Меркур Авто,Volkswagen,Tiguan,2018,RUS,F,2.0,Автомат,4WD,Уральск,Западно-казахстанская Область,Eurasia Motors Uralsk,Внедорожники,Компактные SUV,1.0,32228.44893,32228.44893,3
2019-03-31,Меркур Авто,Volkswagen,Tiguan,2018,RUS,F,1.4,Автомат,FWD,Уральск,Западно-казахстанская Область,Eurasia Motors Uralsk,Внедорожники,Компактные SUV,1.0,30207.25781,30207.25781,3
2019-03-31,Меркур Авто,Volkswagen,Tiguan,2018,RUS,F,2.0,Автомат,4WD,Караганда,Карагандинская Область,Автомир-Центр Караганда,Внедорожники,Компактные SUV,1.0,31939.21597,31939.21597,3
2019-03-31,Меркур Авто,Volkswagen,Tiguan,2018,RUS,F,2.0,Автомат,,Алматы,Г.алматы,Mercur Auto Алматы,Внедорожники,Компактные SUV,1.0,29841.57544,29841.57544,3
2019-03-31,Меркур Авто,Volkswagen,Tiguan,2019,RUS,F,2.0,Автомат,,Алматы,Г.алматы,Mercur Auto Алматы,Внедорожники,Компактные SUV,1.0,38624.73417,38624.73417,3
2019-03-31,Меркур Авто,Volkswagen,Tiguan,2018,RUS,F,2.0,Автомат,,Алматы,Г.алматы,Mercur Auto Алматы,Внедорожники,Компактные SUV,1.0,32381.28399,32381.28399,3
2019-03-31,Меркур Авто,Volkswagen,Tiguan,2018,RUS,F,2.0,Автомат,,Алматы,Г.алматы,Mercur Auto Алматы,Внедорожники,Компактные SUV,1.0,38624.73417,38624.73417,3
2019-03-31,Меркур Авто,Volkswagen,Tiguan,2018,RUS,F,2.0,Автомат,4WD,Атырау,Атырауская Область,Mercur Auto Атырау,Внедорожники,Компактные SUV,1.0,30423.59198,30423.59198,3
2019-03-31,Меркур Авто,Volkswagen,Tiguan,2018,RUS,F,2.0,Автомат,4WD,Атырау,Атырауская Область,Mercur Auto Атырау,Внедорожники,Компактные SUV,1.0,32804.74864,32804.74864,3
2019-04-30,Меркур Авто,Volkswagen,Tiguan,2018,RUS,F,2.0,Автомат,4WD,Атырау,Атырауская Область,Mercur Auto Атырау,Внедорожники,Компактные SUV,1.0,28981.91792,28981.91792,4
2019-04-30,Меркур Авто,Volkswagen,Tiguan,2018,RUS,F,2.0,Автомат,,Алматы,Г.алматы,Mercur Auto Алматы,Внедорожники,Компактные SUV,1.0,31748.37372,31748.37372,4
2019-04-30,Меркур Авто,Volkswagen,Tiguan,2018,RUS,F,2.0,Автомат,4WD,Нур-султан,Г.нур-султан,Mercur Auto Астана,Внедорожники,Компактные SUV,1.0,31590.29053,31590.29053,4
2019-04-30,Меркур Авто,Volkswagen,Tiguan,2018,RUS,F,2.0,Автомат,4WD,Нур-султан,Г.нур-султан,Mercur Auto Астана,Внедорожники,Компактные SUV,1.0,36886.07735,36886.07735,4
2019-04-30,Меркур Авто,Volkswagen,Tiguan,2018,RUS,F,1.6,Автомат,4WD,Нур-султан,Г.нур-султан,Mercur Auto Астана,Внедорожники,Компактные SUV,1.0,14490.95896,14490.95896,4
2019-04-30,Меркур Авто,Volkswagen,Tiguan,2018,RUS,F,2.0,Автомат,4WD,Атырау,Атырауская Область,Mercur Auto Атырау,Внедорожники,Компактные SUV,1.0,32275.31768,32275.31768,4
2019-04-30,Меркур Авто,Volkswagen,Tiguan,2018,RUS,F,2.0,Автомат,4WD,Атырау,Атырауская Область,Mercur Auto Атырау,Внедорожники,Компактные SUV,1.0,31484.90174,31484.90174,4
2019-04-30,Меркур Авто,Volkswagen,Tiguan,2018,RUS,F,2.0,Автомат,,Алматы,Г.алматы,Mercur Auto Алматы,Внедорожники,Компактные SUV,1.0,35858.53662,35858.53662,4
2019-04-30,Меркур Авто,Volkswagen,Tiguan,2018,RUS,F,2.0,Автомат,,Алматы,Г.алматы,Mercur Auto Алматы,Внедорожники,Компактные SUV,1.0,38466.90924,38466.90924,4
2019-04-30,Меркур Авто,Volkswagen,Tiguan,2018,RUS,F,2.0,Автомат,,Алматы,Г.алматы,Mercur Auto Алматы,Внедорожники,Компактные SUV,1.0,32248.97048,32248.97048,4
2019-05-31,Меркур Авто,Volkswagen,Tiguan,2018,RUS,F,2.0,Автомат,4WD,Атырау,Атырауская Область,Mercur Auto Атырау,Внедорожники,Компактные SUV,1.0,31184.19854,31184.19854,5
2019-05-31,Меркур Авто,Volkswagen,Tiguan,2018,RUS,F,1.4,Автомат,,Алматы,Г.алматы,Mercur Auto Алматы,Внедорожники,Компактные SUV,1.0,28788.42283,28788.42283,5
2019-05-31,Меркур Авто,Volkswagen,Tiguan,2018,RUS,F,1.4,Автомат,,Алматы,Г.алматы,Mercur Auto Алматы,Внедорожники,Компактные SUV,1.0,30446.25706,30446.25706,5
2019-05-31,Меркур Авто,Volkswagen,Tiguan,2018,RUS,F,1.4,Автомат,,Алматы,Г.алматы,Mercur Auto Алматы,Внедорожники,Компактные SUV,1.0,28262.12626,28262.12626,5
2019-05-31,Меркур Авто,Volkswagen,Tiguan,2018,RUS,F,1.4,Автомат,,Алматы,Г.алматы,Mercur Auto Алматы,Внедорожники,Компактные SUV,1.0,31393.5909,31393.5909,5
2019-05-31,Меркур Авто,Volkswagen,Tiguan,2018,RUS,F,1.4,Автомат,,Алматы,Г.алматы,Mercur Auto Алматы,Внедорожники,Компактные SUV,1.0,32472.49888,32472.49888,5
2019-05-31,Меркур Авто,Volkswagen,Tiguan,2018,RUS,F,2.0,Автомат,,Алматы,Г.алматы,Mercur Auto Алматы,Внедорожники,Компактные SUV,1.0,34288.22208,34288.22208,5
2019-05-31,Меркур Авто,Volkswagen,Tiguan,2018,RUS,F,2.0,Автомат,,Алматы,Г.алматы,Mercur Auto Алматы,Внедорожники,Компактные SUV,1.0,34656.62968,34656.62968,5
2019-05-31,Меркур Авто,Volkswagen,Tiguan,2018,RUS,F,2.0,Автомат,,Алматы,Г.алматы,Mercur Auto Алматы,Внедорожники,Компактные SUV,1.0,35209.24109,35209.24109,5
2019-05-31,Меркур Авто,Volkswagen,Tiguan,2018,RUS,F,1.4,Автомат,,Алматы,Г.алматы,Mercur Auto Алматы,Внедорожники,Компактные SUV,1.0,32235.66542,32235.66542,5
2019-05-31,Меркур Авто,Volkswagen,Tiguan,2018,RUS,F,1.4,Автомат,,Алматы,Г.алматы,Mercur Auto Алматы,Внедорожники,Компактные SUV,1.0,31972.51713,31972.51713,5
2019-05-31,Меркур Авто,Volkswagen,Tiguan,2018,RUS,F,1.4,Автомат,,Алматы,Г.алматы,Mercur Auto Алматы,Внедорожники,Компактные SUV,1.0,34604.00002,34604.00002,5
2019-05-31,Меркур Авто,Volkswagen,Tiguan,2018,RUS,F,2.0,Автомат,,Алматы,Г.алматы,Mercur Auto Алматы,Внедорожники,Компактные SUV,1.0,34867.14831,34867.14831,5
2019-04-30,Меркур Авто,Volkswagen,Touareg,2018,RUS,F,3.0,Автомат,4WD,Нур-султан,Г.нур-султан,Mercur Auto Астана,Внедорожники,Среднеразмерные SUV,1.0,81676.31413,81676.31413,4
2019-04-30,Меркур Авто,Volkswagen,Touareg,2018,RUS,F,3.0,Автомат,,Алматы,Г.алматы,Mercur Auto Алматы,Внедорожники,Среднеразмерные SUV,1.0,83731.39558,83731.39558,4
2019-04-30,Меркур Авто,Volkswagen,Touareg,2018,RUS,F,3.0,Автомат,,Алматы,Г.алматы,Mercur Auto Алматы,Внедорожники,Среднеразмерные SUV,1.0,77144.59606,77144.59606,4
2019-02-28,Меркур Авто,Volkswagen,Transporter,2019,DEU,F,2.0,Автомат,4WD,Алматы,Г.алматы,Mercur Auto Алматы,Минивэны,Полноразмерный Минивэн,1.0,36520.77261,36520.77261,2
2019-03-31,Меркур Авто,Volkswagen,Transporter,2019,DEU,F,2.0,Автомат,4WD,Костанай,Костанайская Область,Автодом Костанай,Минивэны,Полноразмерный Минивэн,1.0,36508.31038,36508.31038,3
2019-01-31,Меркур Авто,Volkswagen,Transporter Kasten,2019,DEU,F,2.0,Автомат,4WD,Алматы,Г.алматы,Mercur Auto Алматы,Коммерческие автомобили,Микроавтобусы,7.0,30698.62045,214890.3431,1
2019-03-31,Меркур Авто,Audi,Q8,2018,DEU,F,3.0,Автомат,4WD,Алматы,Г.алматы,Mercur Auto Алматы,Внедорожники,Полноразмерные SUV,1.0,125000.0,125000.0,3
2019-03-31,Меркур Авто,Audi,Q8,2018,DEU,F,3.0,Автомат,4WD,Алматы,Г.алматы,Mercur Auto Алматы,Внедорожники,Полноразмерные SUV,1.0,119375.0,119375.0,3
2019-04-30,Меркур Авто,Audi,Q8,2019,DEU,F,3.0,Автомат,4WD,Алматы,Г.алматы,Mercur Auto Алматы,Внедорожники,Полноразмерные SUV,1.0,87000.0,87000.0,4
2019-04-30,Меркур Авто,Audi,Q8,2019,DEU,F,3.0,Автомат,4WD,Костанай,Костанайская Область,Автодом Костанай,Внедорожники,Полноразмерные SUV,1.0,80800.0,80800.0,4
2019-04-30,Меркур Авто,Audi,Q8,2019,DEU,F,3.0,Автомат,4WD,Алматы,Г.алматы,Mercur Auto Алматы,Внедорожники,Полноразмерные SUV,1.0,113850.0,113850.0,4
2019-05-31,Меркур Авто,Audi,Q8,2019,DEU,F,3.0,Автомат,4WD,Алматы,Г.алматы,Mercur Auto Алматы,Внедорожники,Полноразмерные SUV,1.0,85410.0,85410.0,5
2019-05-31,Меркур Авто,Audi,Q8,2019,DEU,F,3.0,Автомат,4WD,Костанай,Костанайская Область,Автодом Костанай,Внедорожники,Полноразмерные SUV,1.0,72215.0,72215.0,5
2019-05-31,Меркур Авто,Audi,Q8,2019,DEU,F,3.0,Автомат,4WD,Алматы,Г.алматы,Mercur Auto Алматы,Внедорожники,Полноразмерные SUV,1.0,85092.0,85092.0,5
2019-06-30,Меркур Авто,Audi,Q8,2019,DEU,F,3.0,Автомат,4WD,Алматы,Г.алматы,Mercur Auto Алматы,Внедорожники,Полноразмерные SUV,1.0,86453.0,86453.0,6
2019-07-31,Меркур Авто,Audi,Q8,2019,DEU,F,3.0,Автомат,4WD,Алматы,Г.алматы,Mercur Auto Алматы,Внедорожники,Полноразмерные SUV,1.0,106712.0,106712.0,7
2019-07-31,Меркур Авто,Audi,Q8,2019,DEU,F,3.0,Автомат,4WD,Алматы,Г.алматы,Mercur Auto Алматы,Внедорожники,Полноразмерные SUV,1.0,100799.0,100799.0,7
2019-07-31,Меркур Авто,Audi,Q8,2019,DEU,F,3.0,Автомат,4WD,Нур-султан,Г.нур-султан,Mercur Auto Астана,Внедорожники,Полноразмерные SUV,1.0,73025.0,73025.0,7
2019-07-31,Меркур Авто,Audi,Q8,2019,DEU,F,3.0,Автомат,4WD,Алматы,Г.алматы,Mercur Auto Алматы,Внедорожники,Полноразмерные SUV,1.0,78940.0,78940.0,7
2019-08-31,Меркур Авто,Audi,Q8,2019,DEU,F,3.0,Автомат,4WD,Алматы,Г.алматы,Mercur Auto Алматы,Внедорожники,Полноразмерные SUV,1.0,73677.33333,73677.33333,8
2019-08-31,Меркур Авто,Audi,Q8,2019,DEU,F,3.0,Автомат,4WD,Алматы,Г.алматы,Mercur Auto Алматы,Внедорожники,Полноразмерные SUV,1.0,78940.0,78940.0,8
2019-09-30,Меркур Авто,Audi,Q8,2019,DEU,F,3.0,Автомат,4WD,Алматы,Г.алматы,Mercur Auto Алматы,Внедорожники,Полноразмерные SUV,1.0,72600.0,72600.0,9
2019-09-30,Меркур Авто,Audi,Q8,2019,DEU,F,3.0,Автомат,4WD,Нур-султан,Г.нур-султан,Mercur Auto Астана,Внедорожники,Полноразмерные SUV,1.0,81500.0,81500.0,9
2019-03-31,Меркур Авто,Audi,RS5,2018,DEU,F,2.9,Автомат,4WD,Алматы,Г.алматы,Mercur Auto Алматы,Легковые автомобили,Спортивные автомобили,1.0,107250.0,107250.0,3
2019-03-31,Меркур Авто,Volkswagen,Teramont,2019,RUS,F,2.0,Автомат,4WD,Костанай,Костанайская Область,Автодом Костанай,Внедорожники,Полноразмерные SUV,1.0,55556.12449,55556.12449,3
2019-04-30,Меркур Авто,Volkswagen,Teramont,2018,RUS,F,2.0,Автомат,,Алматы,Г.алматы,Mercur Auto Алматы,Внедорожники,Полноразмерные SUV,1.0,52193.79945,52193.79945,4
2019-04-30,Меркур Авто,Volkswagen,Teramont,2018,RUS,F,3.6,Автомат,,Алматы,Г.алматы,Mercur Auto Алматы,Внедорожники,Полноразмерные SUV,1.0,56462.04554,56462.04554,4
2019-05-31,Меркур Авто,Volkswagen,Teramont,2018,USA,F,2.0,Автомат,4WD,Атырау,Атырауская Область,Mercur Auto Атырау,Внедорожники,Полноразмерные SUV,1.0,52103.36125,52103.36125,5
2019-01-31,Меркур Авто,Volkswagen,Transporter Kombi ,2019,DEU,F,2.0,Автомат,4WD,Костанай,Костанайская Область,Автодом Костанай,Коммерческие автомобили,Микроавтобусы,1.0,36520.7726,36520.7726,1
